<?xml version="1.0" encoding="UTF-8"?>
<jcr:root xmlns:sling="http://sling.apache.org/jcr/sling/1.0" xmlns:granite="http://www.adobe.com/jcr/granite/1.0"
          xmlns:cq="http://www.day.com/jcr/cq/1.0" xmlns:jcr="http://www.jcp.org/jcr/1.0"
          xmlns:nt="http://www.jcp.org/jcr/nt/1.0"
          jcr:primaryType="nt:unstructured"
          sling:resourceType="cq/gui/components/authoring/dialog"
          extraClientlibs="[cq-dialog-tab-showhide]">
    <content jcr:primaryType="nt:unstructured">
        <items jcr:primaryType="nt:unstructured">
            <tabs jcr:primaryType="nt:unstructured">
                <items jcr:primaryType="nt:unstructured">
                    <custom
                            cq:showOnCreate="{Boolean}false"
                            jcr:primaryType="nt:unstructured"
                            jcr:title="Custom"
                            sling:resourceType="granite/ui/components/coral/foundation/fixedcolumns">
                        <items jcr:primaryType="nt:unstructured">
                            <container1
                                    jcr:primaryType="nt:unstructured"
                                    sling:resourceType="granite/ui/components/coral/foundation/container">
                                <items jcr:primaryType="nt:unstructured">
                                    <Section_Stylesheet
                                            jcr:primaryType="nt:unstructured"
                                            jcr:title="Page Branding"
                                            sling:resourceType="granite/ui/components/coral/foundation/form/fieldset">
                                        <items jcr:primaryType="nt:unstructured">
                                            <brandStylesheet
                                                    jcr:primaryType="nt:unstructured"
                                                    sling:resourceType="granite/ui/components/coral/foundation/form/select"
                                                    fieldLabel="Branding Stylesheets"
                                                    multiple="{Boolean}true"
                                                    name="./brandingStylesheet">
                                                <datasource
                                                        jcr:primaryType="nt:unstructured"
                                                        sling:resourceType="/bin/style-system/branding"/>
                                            </brandStylesheet>
                                        </items>
                                    </Section_Stylesheet>
                                </items>
                            </container1>
                        </items>
                    </custom>
                </items>
            </tabs>
        </items>
    </content>
</jcr:root>