<?xml version="1.0" encoding="UTF-8"?>
<jcr:root xmlns:sling="http://sling.apache.org/jcr/sling/1.0" xmlns:cq="http://www.day.com/jcr/cq/1.0" xmlns:jcr="http://www.jcp.org/jcr/1.0" xmlns:nt="http://www.jcp.org/jcr/nt/1.0"
    jcr:primaryType="nt:unstructured"
    jcr:title="Edit component"
    sling:resourceType="cq/gui/components/authoring/dialog"
    extraClientlibs="[openhtml.author]"
    mode="edit">
    <content
        jcr:primaryType="nt:unstructured"
        sling:resourceType="granite/ui/components/coral/foundation/container">
        <items jcr:primaryType="nt:unstructured">
            <columns
                jcr:primaryType="nt:unstructured"
                sling:resourceType="granite/ui/components/foundation/container">
                <layout
                    jcr:primaryType="nt:unstructured"
                    sling:resourceType="granite/ui/components/foundation/layouts/fixedcolumns"/>
                <items jcr:primaryType="nt:unstructured">
                    <tabs
                        jcr:primaryType="nt:unstructured"
                        sling:resourceType="granite/ui/components/foundation/container">
                        <layout
                            jcr:primaryType="nt:unstructured"
                            sling:resourceType="granite/ui/components/foundation/layouts/tabs"/>
                        <items jcr:primaryType="nt:unstructured">
                            <tab_properties
                                jcr:primaryType="nt:unstructured"
                                jcr:title="Open HTML Properties"
                                sling:resourceType="granite/ui/components/coral/foundation/fixedcolumns">
                                <items jcr:primaryType="nt:unstructured">
                                    <column
                                        jcr:primaryType="nt:unstructured"
                                        sling:resourceType="granite/ui/components/coral/foundation/container">
                                        <items jcr:primaryType="nt:unstructured">
                                            <content
                                                jcr:primaryType="nt:unstructured"
                                                sling:resourceType="granite/ui/components/foundation/form/textarea"
                                                class="openHtmlPopPup"
                                                fieldDescription="The raw HTML content."
                                                fieldLabel="openHtmlContent"
                                                grow="{Boolean}true"
                                                growMin="{Long}300"
                                                hideLabel="{Boolean}true"
                                                name="./content"
                                                popup="true"
                                                renderReadOnly="{Boolean}true">
                                                <rtePlugins jcr:primaryType="nt:unstructured">
                                                    <misctools
                                                        jcr:primaryType="nt:unstructured"
                                                        features="*"/>
                                                </rtePlugins>
                                            </content>
                                            <isRichTextFlag
                                                jcr:primaryType="nt:unstructured"
                                                sling:resourceType="granite/ui/components/coral/foundation/form/hidden"
                                                ignoreData="{Boolean}true"
                                                name="./textIsRich"
                                                value="true"/>
                                        </items>
                                    </column>
                                </items>
                            </tab_properties>
                        </items>
                    </tabs>
                </items>
            </columns>
        </items>
    </content>
</jcr:root>
