<?xml version="1.0" encoding="UTF-8"?>
<jcr:root xmlns:jcr="http://www.jcp.org/jcr/1.0" xmlns:nt="http://www.jcp.org/jcr/nt/1.0" xmlns:granite="http://www.adobe.com/jcr/granite/1.0" xmlns:cq="http://www.day.com/jcr/cq/1.0" xmlns:sling="http://sling.apache.org/jcr/sling/1.0"
    jcr:primaryType="nt:unstructured"
    jcr:title="Teaser"
    sling:resourceType="cq/gui/components/authoring/dialog"
    extraClientlibs="[core.wcm.components.teaser.v2.editor,core.wcm.components.image.v3.editor]"
    helpPath="https://www.adobe.com/go/aem_cmp_teaser_v2"
    trackingFeature="core-components:teaser:v2">
    <content
        granite:class="cmp-teaser__editor cmp-image__editor"
        jcr:primaryType="nt:unstructured"
        sling:resourceType="granite/ui/components/coral/foundation/container">
        <items jcr:primaryType="nt:unstructured">
            <tabs
                jcr:primaryType="nt:unstructured"
                sling:resourceType="granite/ui/components/coral/foundation/tabs">
                <items jcr:primaryType="nt:unstructured">
                    <teasertype
                        jcr:primaryType="nt:unstructured"
                        jcr:title="Teaser Type"
                        sling:resourceType="granite/ui/components/coral/foundation/container"
                        margin="{Boolean}true">
                        <items jcr:primaryType="nt:unstructured">
                            <columns
                                jcr:primaryType="nt:unstructured"
                                sling:resourceType="granite/ui/components/coral/foundation/fixedcolumns"
                                margin="{Boolean}true">
                                <items jcr:primaryType="nt:unstructured">
                                    <column
                                        jcr:primaryType="nt:unstructured"
                                        sling:resourceType="granite/ui/components/coral/foundation/container">
                                        <items jcr:primaryType="nt:unstructured">
                                            <alignment
                                                jcr:primaryType="nt:unstructured"
                                                sling:resourceType="granite/ui/components/coral/foundation/form/select"
                                                name="./teaseralignment">
                                                <items jcr:primaryType="nt:unstructured">
                                                    <bannertitle
                                                        jcr:primaryType="nt:unstructured"
                                                        text="Banner Title"
                                                        value="banner-title"/>
                                                    <imagefiguresection
                                                        jcr:primaryType="nt:unstructured"
                                                        text="Image figure Section"
                                                        value="image-figure-section"/>
                                                    <normal_x0020_tab
                                                        jcr:primaryType="nt:unstructured"
                                                        text="Normal Tab"
                                                        value="normal-tab"/>
                                                    <portfolio
                                                        jcr:primaryType="nt:unstructured"
                                                        text="Portfolio"
                                                        value="portfolio"/>
                                                </items>
                                            </alignment>
                                        </items>
                                    </column>
                                </items>
                            </columns>
                        </items>
                    </teasertype>
                    <actions
                        jcr:primaryType="nt:unstructured"
                        jcr:title="Links"
                        sling:resourceType="granite/ui/components/coral/foundation/container"
                        margin="{Boolean}true">
                        <items jcr:primaryType="nt:unstructured">
                            <columns
                                jcr:primaryType="nt:unstructured"
                                sling:resourceType="granite/ui/components/coral/foundation/fixedcolumns"
                                margin="{Boolean}true">
                                <items jcr:primaryType="nt:unstructured">
                                    <column
                                        jcr:primaryType="nt:unstructured"
                                        sling:resourceType="granite/ui/components/coral/foundation/container">
                                        <items jcr:primaryType="nt:unstructured">
                                            <linksNote
                                                jcr:primaryType="nt:unstructured"
                                                sling:resourceType="granite/ui/components/coral/foundation/text"
                                                text="The teaser title, description and image can be inherited from the linked page, or from the page linked in the first call to action. If neither a link nor a call to action is specified, then the title, description and image will be inherited from the current page."/>
                                            <link
                                                jcr:primaryType="nt:unstructured"
                                                sling:resourceType="granite/ui/components/coral/foundation/include"
                                                path="/mnt/overlay/core/wcm/components/commons/editor/dialog/link/v1/link/edit/link"/>
                                            <actions
                                                granite:class="foundation-toggleable cmp-teaser__editor-multifield_actions"
                                                granite:hide="${cqDesign.actionsDisabled}"
                                                jcr:primaryType="nt:unstructured"
                                                sling:resourceType="granite/ui/components/coral/foundation/form/multifield"
                                                composite="{Boolean}true"
                                                fieldDescription="Allows to link the teaser to multiple destinations. The page linked in the first call to action is used when inheriting the teaser title, description or image."
                                                fieldLabel="Call-to-actions">
                                                <field
                                                    granite:class="cmp-teaser__editor-action"
                                                    jcr:primaryType="nt:unstructured"
                                                    sling:resourceType="granite/ui/components/coral/foundation/container"
                                                    name="./actions">
                                                    <items jcr:primaryType="nt:unstructured">
                                                        <link
                                                            granite:class="cmp-teaser__editor-actionField-linkUrl"
                                                            jcr:primaryType="nt:unstructured"
                                                            sling:resourceType="cq/gui/components/coral/common/form/pagefield"
                                                            emptyText="Link"
                                                            name="link"
                                                            required="{Boolean}true"
                                                            rootPath="/content">
                                                            <granite:data
                                                                jcr:primaryType="nt:unstructured"
                                                                cmp-teaser-v2-dialog-edit-hook="actionLink"/>
                                                        </link>
                                                        <target
                                                            granite:class="cmp-teaser__editor-actionField-linkTarget"
                                                            jcr:primaryType="nt:unstructured"
                                                            sling:resourceType="granite/ui/components/coral/foundation/form/checkbox"
                                                            fieldDescription="If checked the link will be opened in a new browser tab."
                                                            name="./linkTarget"
                                                            text="\0"
                                                            uncheckedValue="_self"
                                                            value="_blank">
                                                            <granite:data
                                                                jcr:primaryType="nt:unstructured"
                                                                cmp-teaser-v2-dialog-edit-hook="actionTarget"/>
                                                        </target>
                                                        <text
                                                            granite:class="cmp-teaser__editor-actionField-linkText"
                                                            jcr:primaryType="nt:unstructured"
                                                            sling:resourceType="granite/ui/components/coral/foundation/form/textfield"
                                                            emptyText="Text"
                                                            name="text"
                                                            required="{Boolean}true">
                                                            <granite:data
                                                                jcr:primaryType="nt:unstructured"
                                                                cmp-teaser-v2-dialog-edit-hook="actionTitle"/>
                                                        </text>
                                                    </items>
                                                </field>
                                            </actions>
                                        </items>
                                    </column>
                                </items>
                            </columns>
                        </items>
                    </actions>
                    <text
                        jcr:primaryType="nt:unstructured"
                        jcr:title="Text"
                        sling:resourceType="granite/ui/components/coral/foundation/container"
                        margin="{Boolean}true">
                        <items jcr:primaryType="nt:unstructured">
                            <columns
                                jcr:primaryType="nt:unstructured"
                                sling:resourceType="granite/ui/components/coral/foundation/fixedcolumns"
                                margin="{Boolean}true">
                                <items jcr:primaryType="nt:unstructured">
                                    <column
                                        jcr:primaryType="nt:unstructured"
                                        sling:resourceType="granite/ui/components/coral/foundation/container">
                                        <items jcr:primaryType="nt:unstructured">
                                            <pretitle
                                                granite:hide="${cqDesign.pretitleHidden}"
                                                jcr:primaryType="nt:unstructured"
                                                sling:resourceType="granite/ui/components/coral/foundation/form/textfield"
                                                fieldDescription="A pretitle that will be displayed above the Teaser's title."
                                                fieldLabel="Pretitle"
                                                name="./pretitle"/>
                                            <titleGroup
                                                granite:hide="${cqDesign.titleHidden}"
                                                jcr:primaryType="nt:unstructured"
                                                sling:resourceType="granite/ui/components/coral/foundation/well">
                                                <items jcr:primaryType="nt:unstructured">
                                                    <title
                                                        jcr:primaryType="nt:unstructured"
                                                        sling:resourceType="granite/ui/components/coral/foundation/form/textfield"
                                                        fieldDescription="A title to display as the headline for the teaser."
                                                        fieldLabel="Title"
                                                        name="./jcr:title"
                                                        value="${cqDesign._jcr_description}"/>
                                                    <titleType
                                                        granite:hide="${!cqDesign.showTitleType or (empty cqDesign.allowedHeadingElements and empty cqDesign.allowedTypes)}"
                                                        jcr:primaryType="nt:unstructured"
                                                        sling:resourceType="granite/ui/components/coral/foundation/form/select"
                                                        fieldDescription="The heading HTML element used for the teaser's title type."
                                                        fieldLabel="Heading Element"
                                                        name="./titleType"
                                                        ordered="{Boolean}true"
                                                        wrapperClass="foundation-toggleable">
                                                        <datasource
                                                            jcr:primaryType="nt:unstructured"
                                                            sling:resourceType="core/wcm/components/title/v1/datasource/allowedtypes"/>
                                                    </titleType>
                                                    <titleTypeBackwardsCompatibility
                                                        granite:class="foundation-toggleable"
                                                        granite:hide="${!cqDesign.showTitleType or not empty cqDesign.allowedHeadingElements or not empty cqDesign.allowedTypes}"
                                                        jcr:primaryType="nt:unstructured"
                                                        sling:resourceType="granite/ui/components/coral/foundation/form/select"
                                                        fieldLabel="Title Type"
                                                        name="./titleType">
                                                        <items jcr:primaryType="nt:unstructured">
                                                            <def
                                                                jcr:primaryType="nt:unstructured"
                                                                text="(default)"
                                                                value="\0"/>
                                                            <h1
                                                                jcr:primaryType="nt:unstructured"
                                                                text="H1"
                                                                value="h1"/>
                                                            <h2
                                                                jcr:primaryType="nt:unstructured"
                                                                text="H2"
                                                                value="h2"/>
                                                            <h3
                                                                jcr:primaryType="nt:unstructured"
                                                                text="H3"
                                                                value="h3"/>
                                                            <h4
                                                                jcr:primaryType="nt:unstructured"
                                                                text="H4"
                                                                value="h4"/>
                                                            <h5
                                                                jcr:primaryType="nt:unstructured"
                                                                text="H5"
                                                                value="h5"/>
                                                            <h6
                                                                jcr:primaryType="nt:unstructured"
                                                                text="H6"
                                                                value="h6"/>
                                                        </items>
                                                    </titleTypeBackwardsCompatibility>
                                                    <titleFromLinkedPage
                                                        jcr:primaryType="nt:unstructured"
                                                        sling:resourceType="granite/ui/components/coral/foundation/form/checkbox"
                                                        checked="{Boolean}true"
                                                        fieldDescription="When checked, populate the title with the linked page's title."
                                                        name="./titleFromPage"
                                                        text="Get title from linked page"
                                                        uncheckedValue="{Boolean}false"
                                                        value="{Boolean}true"/>
                                                </items>
                                            </titleGroup>
                                            <descriptionGroup
                                                granite:hide="${cqDesign.descriptionHidden}"
                                                jcr:primaryType="nt:unstructured"
                                                sling:resourceType="granite/ui/components/coral/foundation/well">
                                                <items jcr:primaryType="nt:unstructured">
                                                    <description
                                                        jcr:primaryType="nt:unstructured"
                                                        sling:resourceType="cq/gui/components/authoring/dialog/richtext"
                                                        fieldDescription="A description to display as the subheadline for the teaser."
                                                        fieldLabel="Description"
                                                        name="./jcr:description"
                                                        useFixedInlineToolbar="{Boolean}true">
                                                        <rtePlugins jcr:primaryType="nt:unstructured">
                                                            <format
                                                                jcr:primaryType="nt:unstructured"
                                                                features="bold,italic"/>
                                                            <justify
                                                                jcr:primaryType="nt:unstructured"
                                                                features="-"/>
                                                            <links
                                                                jcr:primaryType="nt:unstructured"
                                                                features="modifylink,unlink"/>
                                                            <lists
                                                                jcr:primaryType="nt:unstructured"
                                                                features="*"/>
                                                            <misctools jcr:primaryType="nt:unstructured">
                                                                <specialCharsConfig jcr:primaryType="nt:unstructured">
                                                                    <chars jcr:primaryType="nt:unstructured">
                                                                        <default_copyright
                                                                            jcr:primaryType="nt:unstructured"
                                                                            entity="&amp;copy;"
                                                                            name="copyright"/>
                                                                        <default_euro
                                                                            jcr:primaryType="nt:unstructured"
                                                                            entity="&amp;euro;"
                                                                            name="euro"/>
                                                                        <default_registered
                                                                            jcr:primaryType="nt:unstructured"
                                                                            entity="&amp;reg;"
                                                                            name="registered"/>
                                                                        <default_trademark
                                                                            jcr:primaryType="nt:unstructured"
                                                                            entity="&amp;trade;"
                                                                            name="trademark"/>
                                                                    </chars>
                                                                </specialCharsConfig>
                                                            </misctools>
                                                            <paraformat
                                                                jcr:primaryType="nt:unstructured"
                                                                features="*">
                                                                <formats jcr:primaryType="nt:unstructured">
                                                                    <default_p
                                                                        jcr:primaryType="nt:unstructured"
                                                                        description="Paragraph"
                                                                        tag="p"/>
                                                                    <default_h1
                                                                        jcr:primaryType="nt:unstructured"
                                                                        description="Heading 1"
                                                                        tag="h1"/>
                                                                    <default_h2
                                                                        jcr:primaryType="nt:unstructured"
                                                                        description="Heading 2"
                                                                        tag="h2"/>
                                                                    <default_h3
                                                                        jcr:primaryType="nt:unstructured"
                                                                        description="Heading 3"
                                                                        tag="h3"/>
                                                                    <default_h4
                                                                        jcr:primaryType="nt:unstructured"
                                                                        description="Heading 4"
                                                                        tag="h4"/>
                                                                    <default_h5
                                                                        jcr:primaryType="nt:unstructured"
                                                                        description="Heading 5"
                                                                        tag="h5"/>
                                                                    <default_h6
                                                                        jcr:primaryType="nt:unstructured"
                                                                        description="Heading 6"
                                                                        tag="h6"/>
                                                                    <default_blockquote
                                                                        jcr:primaryType="nt:unstructured"
                                                                        description="Quote"
                                                                        tag="blockquote"/>
                                                                    <default_pre
                                                                        jcr:primaryType="nt:unstructured"
                                                                        description="Preformatted"
                                                                        tag="pre"/>
                                                                </formats>
                                                            </paraformat>
                                                            <table
                                                                jcr:primaryType="nt:unstructured"
                                                                features="-">
                                                                <hiddenHeaderConfig
                                                                    jcr:primaryType="nt:unstructured"
                                                                    hiddenHeaderClassName="cq-wcm-foundation-aria-visuallyhidden"
                                                                    hiddenHeaderEditingCSS="cq-RichText-hiddenHeader--editing"/>
                                                            </table>
                                                            <tracklinks
                                                                jcr:primaryType="nt:unstructured"
                                                                features="*"/>
                                                        </rtePlugins>
                                                        <uiSettings jcr:primaryType="nt:unstructured">
                                                            <cui jcr:primaryType="nt:unstructured">
                                                                <inline
                                                                    jcr:primaryType="nt:unstructured"
                                                                    toolbar="[format#bold,format#italic,format#underline,#justify,#lists,links#modifylink,links#unlink,#paraformat]">
                                                                    <popovers jcr:primaryType="nt:unstructured">
                                                                        <justify
                                                                            jcr:primaryType="nt:unstructured"
                                                                            items="[justify#justifyleft,justify#justifycenter,justify#justifyright]"
                                                                            ref="justify"/>
                                                                        <lists
                                                                            jcr:primaryType="nt:unstructured"
                                                                            items="[lists#unordered,lists#ordered,lists#outdent,lists#indent]"
                                                                            ref="lists"/>
                                                                        <paraformat
                                                                            jcr:primaryType="nt:unstructured"
                                                                            items="paraformat:getFormats:paraformat-pulldown"
                                                                            ref="paraformat"/>
                                                                    </popovers>
                                                                </inline>
                                                                <dialogFullScreen
                                                                    jcr:primaryType="nt:unstructured"
                                                                    toolbar="[format#bold,format#italic,format#underline,justify#justifyleft,justify#justifycenter,justify#justifyright,lists#unordered,lists#ordered,lists#outdent,lists#indent,links#modifylink,links#unlink,table#createoredit,#paraformat,image#imageProps]">
                                                                    <popovers jcr:primaryType="nt:unstructured">
                                                                        <paraformat
                                                                            jcr:primaryType="nt:unstructured"
                                                                            items="paraformat:getFormats:paraformat-pulldown"
                                                                            ref="paraformat"/>
                                                                    </popovers>
                                                                </dialogFullScreen>
                                                                <tableEditOptions
                                                                    jcr:primaryType="nt:unstructured"
                                                                    toolbar="[table#insertcolumn-before,table#insertcolumn-after,table#removecolumn,-,table#insertrow-before,table#insertrow-after,table#removerow,-,table#mergecells-right,table#mergecells-down,table#mergecells,table#splitcell-horizontal,table#splitcell-vertical,-,table#selectrow,table#selectcolumn,-,table#ensureparagraph,-,table#modifytableandcell,table#removetable,-,undo#undo,undo#redo,-,table#exitTableEditing,-]"/>
                                                            </cui>
                                                        </uiSettings>
                                                    </description>
                                                    <descriptionFromLinkedPage
                                                        jcr:primaryType="nt:unstructured"
                                                        sling:resourceType="granite/ui/components/coral/foundation/form/checkbox"
                                                        checked="{Boolean}true"
                                                        fieldDescription="When checked, populate the description with the linked page's description."
                                                        name="./descriptionFromPage"
                                                        text="Get description from linked page"
                                                        uncheckedValue="{Boolean}false"
                                                        value="{Boolean}true"/>
                                                </items>
                                            </descriptionGroup>
                                            <id
                                                jcr:primaryType="nt:unstructured"
                                                sling:resourceType="granite/ui/components/coral/foundation/form/textfield"
                                                fieldDescription="HTML ID attribute to apply to the component."
                                                fieldLabel="ID"
                                                name="./id"/>
                                        </items>
                                    </column>
                                </items>
                            </columns>
                        </items>
                    </text>
                    <image
                        jcr:primaryType="nt:unstructured"
                        sling:resourceType="granite/ui/components/coral/foundation/include"
                        path="core/wcm/components/image/v3/image/cq:dialog/content/items/tabs/items/asset"/>
                    <styletab
                        jcr:primaryType="nt:unstructured"
                        sling:resourceType="granite/ui/components/coral/foundation/include"
                        path="/mnt/overlay/cq/gui/components/authoring/dialog/style/tab_edit/styletab"/>
                </items>
            </tabs>
        </items>
    </content>
</jcr:root>
