<?xml version="1.0" encoding="UTF-8"?>
<jcr:root xmlns:jcr="http://www.jcp.org/jcr/1.0" xmlns:nt="http://www.jcp.org/jcr/nt/1.0" xmlns:granite="http://www.adobe.com/jcr/granite/1.0" xmlns:cq="http://www.day.com/jcr/cq/1.0" xmlns:sling="http://sling.apache.org/jcr/sling/1.0"
    jcr:primaryType="nt:unstructured"
    jcr:title="Viewer Tabs"
    sling:resourceType="cq/gui/components/authoring/dialog"
    extraClientlibs="[core.wcm.components.commons.editor.dialog.childreneditor.v1,core.wcm.components.tabs.v1.editor]">
    <content
        jcr:primaryType="nt:unstructured"
        sling:resourceType="granite/ui/components/coral/foundation/container">
        <items jcr:primaryType="nt:unstructured">
            <tabs
                jcr:primaryType="nt:unstructured"
                sling:resourceType="granite/ui/components/coral/foundation/tabs"
                maximized="{Boolean}true">
                <items jcr:primaryType="nt:unstructured">
                    <properties
                        jcr:primaryType="nt:unstructured"
                        jcr:title="Properties"
                        sling:resourceType="granite/ui/components/coral/foundation/container"
                        margin="{Boolean}true">
                        <items jcr:primaryType="nt:unstructured">
                            <column
                                jcr:primaryType="nt:unstructured"
                                sling:resourceType="granite/ui/components/coral/foundation/container">
                                <items jcr:primaryType="nt:unstructured">
                                    <multifield
                                        jcr:primaryType="nt:unstructured"
                                        sling:resourceType="granite/ui/components/coral/foundation/form/multifield"
                                        composite="{Boolean}true"
                                        fieldLabel="Tab Group">
                                        <field
                                            jcr:primaryType="nt:unstructured"
                                            sling:resourceType="granite/ui/components/coral/foundation/container"
                                            name="./tabsfield">
                                            <items jcr:primaryType="nt:unstructured">
                                                <column
                                                    jcr:primaryType="nt:unstructured"
                                                    sling:resourceType="granite/ui/components/coral/foundation/container">
                                                    <items jcr:primaryType="nt:unstructured">
                                                        <heading
                                                            granite:class="coral-Heading coral-Heading--4"
                                                            jcr:primaryType="nt:unstructured"
                                                            sling:resourceType="granite/ui/components/coral/foundation/heading"
                                                            level="{Long}4"/>
                                                        <well
                                                            granite:class="netjets-well"
                                                            jcr:primaryType="nt:unstructured"
                                                            sling:resourceType="granite/ui/components/coral/foundation/well">
                                                            <items jcr:primaryType="nt:unstructured">
                                                                <linkurl
                                                                    jcr:primaryType="nt:unstructured"
                                                                    sling:resourceType="granite/ui/components/coral/foundation/form/pathfield"
                                                                    fieldLabel="Link URL"
                                                                    name="./linkurl"
                                                                    rootPath="/content/netjets"/>
                                                                <icontype
                                                                    jcr:primaryType="nt:unstructured"
                                                                    jcr:title="Icon Type"
                                                                    sling:resourceType="granite/ui/components/coral/foundation/container"
                                                                    margin="{Boolean}true">
                                                                    <items jcr:primaryType="nt:unstructured">
                                                                        <columns
                                                                            jcr:primaryType="nt:unstructured"
                                                                            sling:resourceType="granite/ui/components/coral/foundation/fixedcolumns"
                                                                            margin="{Boolean}true">
                                                                            <items jcr:primaryType="nt:unstructured">
                                                                                <column
                                                                                    jcr:primaryType="nt:unstructured"
                                                                                    sling:resourceType="granite/ui/components/coral/foundation/container">
                                                                                    <items jcr:primaryType="nt:unstructured">
                                                                                        <alignment
                                                                                            jcr:primaryType="nt:unstructured"
                                                                                            sling:resourceType="granite/ui/components/coral/foundation/form/select"
                                                                                            fieldLabel="Icon Type"
                                                                                            name="./icontype">
                                                                                            <items jcr:primaryType="nt:unstructured">
                                                                                                <twitter
                                                                                                    jcr:primaryType="nt:unstructured"
                                                                                                    text="Twitter"
                                                                                                    value="twitter"/>
                                                                                                <facebook
                                                                                                    jcr:primaryType="nt:unstructured"
                                                                                                    text="Facebook"
                                                                                                    value="facebook"/>
                                                                                                <instagram
                                                                                                    jcr:primaryType="nt:unstructured"
                                                                                                    text="Instagram"
                                                                                                    value="instagram"/>
                                                                                                <linkedin
                                                                                                    jcr:primaryType="nt:unstructured"
                                                                                                    text="Linkedin"
                                                                                                    value="linkedin"/>
                                                                                                <youtube
                                                                                                    jcr:primaryType="nt:unstructured"
                                                                                                    text="You Tube"
                                                                                                    value="youtube"/>
                                                                                                <googleplus
                                                                                                    jcr:primaryType="nt:unstructured"
                                                                                                    text="Mail"
                                                                                                    value="mail"/>
                                                                                            </items>
                                                                                        </alignment>
                                                                                    </items>
                                                                                </column>
                                                                            </items>
                                                                        </columns>
                                                                    </items>
                                                                </icontype>
                                                            </items>
                                                        </well>
                                                    </items>
                                                </column>
                                            </items>
                                        </field>
                                    </multifield>
                                </items>
                            </column>
                        </items>
                    </properties>
                </items>
            </tabs>
        </items>
    </content>
</jcr:root>
