<?xml version="1.0" encoding="UTF-8"?>
<jcr:root xmlns:jcr="http://www.jcp.org/jcr/1.0" xmlns:nt="http://www.jcp.org/jcr/nt/1.0" xmlns:sling="http://sling.apache.org/jcr/sling/1.0"
    jcr:primaryType="sling:OrderedFolder">
    <jcr:content
        jcr:primaryType="nt:unstructured"
        jcr:title="Target"/>
    <accordion-top-div/>
    <accordion/>
    <accordion-item/>
    <accordion-item-expanded/>
    <accordion-header/>
    <accordion-header-button/>
    <accordion-header-button-hover/>
    <accordion-header-button-focus/>
    <accordion-header-button-title/>
    <accordion-header-button-hover-title/>
    <accordion-header-button-focus-title/>
    <accordion-header-button-css-before/>
    <accordion-header-button-css-before-hover/>
    <accordion-header-button-css-before-focus/>
    <accordion-header-button-css-after/>
    <accordion-header-button-css-after-hover/>
    <accordion-header-button-css-after-focus/>
    <accordion-header-expanded-button/>
    <accordion-header-expanded-button-hover/>
    <accordion-header-expanded-button-focus/>
    <accordion-header-expanded-button-title/>
    <accordion-header-expanded-button-hover-title/>
    <accordion-header-expanded-button-focus-title/>
    <accordion-header-expanded-button-css-before/>
    <accordion-header-expanded-button-css-before-hover/>
    <accordion-header-expanded-button-css-before-focus/>
    <accordion-header-expanded-button-css-after/>
    <accordion-header-expanded-button-css-after-hover/>
    <accordion-header-expanded-button-css-after-focus/>
    <accordion-panel/>
    <accordion-panel-expanded/>
</jcr:root>
