<?xml version="1.0" encoding="UTF-8"?>
<jcr:root xmlns:jcr="http://www.jcp.org/jcr/1.0" xmlns:nt="http://www.jcp.org/jcr/nt/1.0" xmlns:sling="http://sling.apache.org/jcr/sling/1.0"
    jcr:primaryType="sling:OrderedFolder">
    <jcr:content
        jcr:primaryType="nt:unstructured"
        jcr:title="Target"/>
    <button-parent/>
    <button-parent-hover/>
    <button-parent-focus/>
    <button-parent-css-after/>
    <button-parent-hover-css-after/>
    <button-parent-focus-css-after/>
    <button-parent-css-before/>
    <button-parent-hover-css-before/>
    <button-parent-focus-css-before/>
    <button/>
    <button-disabled/>
    <button-hover/>
    <button-focus/>
    <button-css-after/>
    <button-hover-css-after/>
    <button-focus-css-after/>
    <button-css-before/>
    <button-hover-css-before/>
    <button-focus-css-before/>
    <button-text/>
    <button-hover-text/>
    <button-focus-text/>
    <button-text-css-after/>
    <button-hover-text-css-after/>
    <button-focus-text-css-after/>
    <button-text-css-before/>
    <button-hover-text-css-before/>
    <button-focus-text-css-before/>
</jcr:root>
