<?xml version="1.0" encoding="UTF-8"?>
<jcr:root xmlns:cq="http://www.day.com/jcr/cq/1.0" xmlns:jcr="http://www.jcp.org/jcr/1.0" xmlns:nt="http://www.jcp.org/jcr/nt/1.0"
    jcr:primaryType="nt:unstructured">
    <rtePlugins
        jcr:mixinTypes="[cq:ReplicationStatus]"
        jcr:primaryType="nt:unstructured">
        <format
            jcr:primaryType="nt:unstructured"
            features="*"/>
        <justify
            jcr:primaryType="nt:unstructured"
            features="*"/>
        <links
            jcr:primaryType="nt:unstructured"
            features="*"/>
        <lists
            jcr:primaryType="nt:unstructured"
            features="*"/>
        <misctools
            jcr:primaryType="nt:unstructured"
            features="*">
            <specialCharsConfig jcr:primaryType="nt:unstructured">
                <chars jcr:primaryType="nt:unstructured">
                    <copyright
                        jcr:primaryType="nt:unstructured"
                        entity="&amp;#169;"/>
                    <trademark
                        jcr:primaryType="nt:unstructured"
                        entity="&amp;#8482;"/>
                    <registered
                        jcr:primaryType="nt:unstructured"
                        entity="&amp;#174;"/>
                    <emDash
                        jcr:primaryType="nt:unstructured"
                        entity="&amp;#8212;"/>
                    <pound
                        jcr:primaryType="nt:unstructured"
                        entity="&amp;#163;"/>
                    <nbsp
                        jcr:primaryType="nt:unstructured"
                        entity="&amp;#160;"/>
                </chars>
            </specialCharsConfig>
        </misctools>
        <paraformat
            jcr:primaryType="nt:unstructured"
            features="*">
            <formats jcr:primaryType="cq:WidgetCollection">
                <paragraph
                    jcr:primaryType="nt:unstructured"
                    description="Paragraph"
                    tag="p"/>
                <heading1
                    jcr:primaryType="nt:unstructured"
                    description="Heading 1"
                    tag="h1"/>
                <heading2
                    jcr:primaryType="nt:unstructured"
                    description="Heading 2"
                    tag="h2"/>
                <heading3
                    jcr:primaryType="nt:unstructured"
                    description="Heading 3"
                    tag="h3"/>
                <heading4
                    jcr:primaryType="nt:unstructured"
                    description="Heading 4"
                    tag="h4"/>
                <heading5
                    jcr:primaryType="nt:unstructured"
                    description="Heading 5"
                    tag="h5"/>
                <heading6
                    jcr:primaryType="nt:unstructured"
                    description="Heading 6"
                    tag="h6"/>
            </formats>
        </paraformat>
        <table
            jcr:primaryType="nt:unstructured"
            features=""/>
        <tracklinks
            jcr:primaryType="nt:unstructured"
            features="*"/>
        <highlight
            jcr:primaryType="nt:unstructured"
            features="*"/>
        <subsuperscript
            jcr:primaryType="nt:unstructured"
            features="*"/>
        <subsubscript
            jcr:primaryType="nt:unstructured"
            features="*"/>
        <undo
            jcr:primaryType="nt:unstructured"
            features="*"/>
        <redo
            jcr:primaryType="nt:unstructured"
            features="*"/>
        <findreplace
            jcr:primaryType="nt:unstructured"
            features="*"/>
        <find
            jcr:primaryType="nt:unstructured"
            features="*"/>
        <edit
            jcr:primaryType="nt:unstructured"
            features="*"/>
        <styles
                jcr:primaryType="nt:unstructured"
                features="*">
            <styles jcr:primaryType="nt:unstructured">
                <textLeft
                        jcr:primaryType="nt:unstructured"
                        cssName="text-left"
                        text="text-left"/>
                <textLeftSmall
                        jcr:primaryType="nt:unstructured"
                        cssName="text-sm-left"
                        text="text-sm-left"/>
                <textLeftMedium
                        jcr:primaryType="nt:unstructured"
                        cssName="text-md-left"
                        text="text-md-left"/>
                <textCenter
                        jcr:primaryType="nt:unstructured"
                        cssName="text-center"
                        text="text-center"/>
                <textCenterSmall
                        jcr:primaryType="nt:unstructured"
                        cssName="text-sm-center"
                        text="text-sm-center"/>
                <textCenterMedium
                        jcr:primaryType="nt:unstructured"
                        cssName="text-md-center"
                        text="text-md-center"/>
                <textRight
                        jcr:primaryType="nt:unstructured"
                        cssName="text-right"
                        text="text-right"/>
                <textRightSmall
                        jcr:primaryType="nt:unstructured"
                        cssName="text-sm-right"
                        text="text-sm-right"/>
                <textRightMedium
                        jcr:primaryType="nt:unstructured"
                        cssName="text-md-right"
                        text="text-md-right"/>
                <orange
                        jcr:primaryType="nt:unstructured"
                        cssName="font-orange"
                        text="font-orange"/>
                <purple
                        jcr:primaryType="nt:unstructured"
                        cssName="font-purple"
                        text="font-purple"/>
                <red
                        jcr:primaryType="nt:unstructured"
                        cssName="font-red"
                        text="font-red"/>
                <green
                        jcr:primaryType="nt:unstructured"
                        cssName="font-green"
                        text="font-green"/>
                <blue-medium
                        jcr:primaryType="nt:unstructured"
                        cssName="font-blue-medium"
                        text="font-blue-medium"/>
                <blue-dark
                        jcr:primaryType="nt:unstructured"
                        cssName="font-blue-dark"
                        text="font-blue-dark"/>
                <blue-darker
                        jcr:primaryType="nt:unstructured"
                        cssName="font-blue-darker"
                        text="font-blue-darker"/>
                <blue-op-cover
                        jcr:primaryType="nt:unstructured"
                        cssName="font-blue-op-cover"
                        text="font-blue-op-cover"/>
                <white
                        jcr:primaryType="nt:unstructured"
                        cssName="font-white"
                        text="font-white"/>
                <gray-light
                        jcr:primaryType="nt:unstructured"
                        cssName="font-gray-light"
                        text="font-gray-light"/>
                <gray-medium
                        jcr:primaryType="nt:unstructured"
                        cssName="font-gray-medium"
                        text="font-gray-medium"/>
                <gray-dark
                        jcr:primaryType="nt:unstructured"
                        cssName="font-gray-dark"
                        text="font-gray-dark"/>
                <blue-cyan-medium
                        jcr:primaryType="nt:unstructured"
                        cssName="font-blue-cyan-medium"
                        text="font-blue-cyan-medium"/>
                <blue-cyan-dark
                        jcr:primaryType="nt:unstructured"
                        cssName="font-blue-cyan-dark"
                        text="font-blue-cyan-dark"/>
                <font-x-small
                        jcr:primaryType="nt:unstructured"
                        cssName="font-size-x-small"
                        text="font-size-x-small"/>
                <font-small
                        jcr:primaryType="nt:unstructured"
                        cssName="font-size-small"
                        text="font-size-small"/>
                <font-normal
                        jcr:primaryType="nt:unstructured"
                        cssName="font-size-normal"
                        text="font-size-normal"/>
                <font-large
                        jcr:primaryType="nt:unstructured"
                        cssName="font-size-large"
                        text="font-size-large"/>
                <font-x-large
                        jcr:primaryType="nt:unstructured"
                        cssName="font-size-x-large"
                        text="font-size-x-large"/>
                <font-xx-large
                        jcr:primaryType="nt:unstructured"
                        cssName="font-size-xx-large"
                        text="font-size-xx-large"/>
                <font-xxx-large
                        jcr:primaryType="nt:unstructured"
                        cssName="font-size-xxx-large"
                        text="font-size-xxx-large"/>
                <font-weight-narrow
                        jcr:primaryType="nt:unstructured"
                        cssName="font-weight-narrow"
                        text="font-weight-narrow"/>
                <font-weight-regular
                        jcr:primaryType="nt:unstructured"
                        cssName="font-weight-regular"
                        text="font-weight-regular"/>
                <font-weight-semi-bold
                        jcr:primaryType="nt:unstructured"
                        cssName="font-weight-semi-bold"
                        text="font-weight-semi-bold"/>
                <font-weight-bold
                        jcr:primaryType="nt:unstructured"
                        cssName="font-weight-bold"
                        text="font-weight-bold"/>
                <doc_pdf
                        jcr:primaryType="nt:unstructured"
                        cssName="doc_pdf"
                        text="pdf"/>
                <doc_excel
                        jcr:primaryType="nt:unstructured"
                        cssName="doc_excel"
                        text="excel"/>
                <printer
                        jcr:primaryType="nt:unstructured"
                        cssName="printer"
                        text="printer"/>
                <envelope
                        jcr:primaryType="nt:unstructured"
                        cssName="envelope"
                        text="envelope"/>
                <link
                        jcr:primaryType="nt:unstructured"
                        cssName="link"
                        text="link"/>
                <document
                        jcr:primaryType="nt:unstructured"
                        cssName="word_doc"
                        text="word document"/>
                <icon-x-small
                        jcr:primaryType="nt:unstructured"
                        cssName="x-small"
                        text="icon-x-small"/>
                <icon-small
                        jcr:primaryType="nt:unstructured"
                        cssName="small"
                        text="icon-small"/>
                <icon-large
                        jcr:primaryType="nt:unstructured"
                        cssName="large"
                        text="icon-large"/>
                <icon-x-large
                        jcr:primaryType="nt:unstructured"
                        cssName="x-large"
                        text="icon-x-large"/>
                <icon-xx-large
                        jcr:primaryType="nt:unstructured"
                        cssName="xx-large"
                        text="icon-xx-large"/>
                <icon-xxx-large
                        jcr:primaryType="nt:unstructured"
                        cssName="xxx-large"
                        text="icon-xxx-large"/>
                <icon-xxxx-large
                        jcr:primaryType="nt:unstructured"
                        cssName="xxxx-large"
                        text="icon-xxxx-large"/>
                <icon-dismiss
                        jcr:primaryType="nt:unstructured"
                        cssName="icon-dismiss"
                        text="icon-dismiss"/>
            </styles>
        </styles>
        <spellcheck
                jcr:primaryType="nt:unstructured"
                features="*"/>
        <image
                jcr:primaryType="nt:unstructured"
                features="*"/>
        <experience-aem
                jcr:primaryType="nt:unstructured"
                features="*"/>
    </rtePlugins>
    <uiSettings jcr:primaryType="nt:unstructured">
        <cui jcr:primaryType="nt:unstructured">
            <inline
                    jcr:primaryType="nt:unstructured"
                    toolbar="[edit#cut,edit#copy,edit#paste-plaintext,edit#paste-wordhtml,edit#paste-default,format#bold,format#italic,format#underline,links#modifylink,links#unlink,links#anchor,subsuperscript#superscript,subsuperscript#subscript,#lists,#justify,#paraformat,spellcheck#checktext,undo#undo,undo#redo,findreplace#find,findreplace#replace,#styles,misctools#specialchars,misctools#sourceedit,table#table]">
                <popovers jcr:primaryType="nt:unstructured">
                    <justify
                            jcr:primaryType="nt:unstructured"
                            items="[justify#justifyleft,justify#justifycenter,justify#justifyright]"
                            ref="justify"/>
                    <lists
                            jcr:primaryType="nt:unstructured"
                            items="[lists#unordered,lists#ordered,lists#outdent,lists#indent]"
                            ref="lists"/>
                    <paraformat
                            jcr:primaryType="nt:unstructured"
                            items="paraformat:getFormats:paraformat-pulldown"
                            ref="paraformat"/>
                    <styles
                            jcr:primaryType="nt:unstructured"
                            items="styles:getStyles:styles-pulldown"
                            ref="styles"/>
                </popovers>
            </inline>
            <dialogFullScreen
                    jcr:primaryType="nt:unstructured"
                    toolbar="[format#bold,format#italic,format#underline,justify#justifyleft,justify#justifycenter,justify#justifyright,lists#unordered,lists#ordered,lists#outdent,lists#indent,subsuperscript#subscript,subsuperscript#superscript,links#modifylink,links#unlink,links#anchor,findreplace#find,findreplace#replace,spellcheck#checktext,misctools#specialchars,misctools#sourceedit,#styles,#paraformat,table#createoredit,image#imageProps,undo#undo,undo#redo,edit#cut,edit#copy,experience-aem#colorPicker]">
                <popovers jcr:primaryType="nt:unstructured">
                    <paraformat
                            jcr:primaryType="nt:unstructured"
                            items="paraformat:getFormats:paraformat-pulldown"
                            ref="paraformat"/>
                    <justify
                            jcr:primaryType="nt:unstructured"
                            items="[justify#justifyleft,justify#justifycenter,justify#justifyright]"
                            ref="justify"/>
                    <lists
                            jcr:primaryType="nt:unstructured"
                            items="[lists#unordered,lists#ordered,lists#outdent,lists#indent]"
                            ref="lists"/>
                    <styles
                            jcr:primaryType="nt:unstructured"
                            items="styles:getStyles:styles-pulldown"
                            ref="styles"/>
                </popovers>
            </dialogFullScreen>
            <tableEditOptions
                    jcr:primaryType="nt:unstructured"
                    toolbar="[table#insertcolumn-before,table#insertcolumn-after,table#removecolumn,-,table#insertrow-before,table#insertrow-after,table#removerow,-,table#mergecells-right,table#mergecells-down,table#mergecells,table#splitcell-horizontal,table#splitcell-vertical,-,table#selectrow,table#selectcolumn,-,table#ensureparagraph,-,table#modifytableandcell,table#removetable,-,undo#undo,undo#redo,-,table#exitTableEditing,-]"/>
        </cui>
    </uiSettings>
    <fonts
            jcr:primaryType="nt:unstructured"
            features="normal,oblique"/>
</jcr:root>
