<?xml version="1.0" encoding="UTF-8"?>
<jcr:root xmlns:jcr="http://www.jcp.org/jcr/1.0" xmlns:nt="http://www.jcp.org/jcr/nt/1.0" xmlns:sling="http://sling.apache.org/jcr/sling/1.0"
    jcr:primaryType="sling:OrderedFolder">
    <jcr:content
        jcr:primaryType="nt:unstructured"
        jcr:title="Target"/>
    <carousel-top-div/>
    <carousel-middle-div/>
    <carousel-content/>
    <carousel-item/>
    <carousel-actions/>
    <carousel-action-previous/>
    <carousel-action-next/>
    <carousel-action-next-icon/>
    <carousel-action-next-text/>
    <carousel-indicators/>
</jcr:root>
