<?xml version="1.0" encoding="UTF-8"?>
<jcr:root xmlns:sling="http://sling.apache.org/jcr/sling/1.0" xmlns:granite="http://www.adobe.com/jcr/granite/1.0"
          xmlns:cq="http://www.day.com/jcr/cq/1.0" xmlns:jcr="http://www.jcp.org/jcr/1.0"
          xmlns:nt="http://www.jcp.org/jcr/nt/1.0"
          jcr:primaryType="nt:unstructured"
          sling:resourceType="cq/gui/components/authoring/dialog"
          extraClientlibs="[cq-dialog-tab-showhide]">
    <content jcr:primaryType="nt:unstructured">
        <items jcr:primaryType="nt:unstructured">
            <tabs jcr:primaryType="nt:unstructured">
                <items jcr:primaryType="nt:unstructured">
                    <custom
                            cq:showOnCreate="{Boolean}false"
                            jcr:primaryType="nt:unstructured"
                            jcr:title="Custom"
                            sling:resourceType="granite/ui/components/coral/foundation/fixedcolumns">
                        <items jcr:primaryType="nt:unstructured">
                            <container1
                                    jcr:primaryType="nt:unstructured"
                                    sling:resourceType="granite/ui/components/coral/foundation/container">
                                <items jcr:primaryType="nt:unstructured">
                                    <Section_Stylesheet
                                            jcr:primaryType="nt:unstructured"
                                            jcr:title="Page Branding"
                                            sling:resourceType="granite/ui/components/coral/foundation/form/fieldset">
                                        <items jcr:primaryType="nt:unstructured">
                                            <brandStylesheet
                                                    jcr:primaryType="nt:unstructured"
                                                    sling:resourceType="granite/ui/components/coral/foundation/form/select"
                                                    fieldLabel="Branding Stylesheets"
                                                    multiple="{Boolean}true"
                                                    name="./brandingStylesheet">
                                                <datasource
                                                        jcr:primaryType="nt:unstructured"
                                                        sling:resourceType="/bin/style-system/branding"/>
                                            </brandStylesheet>
                                        </items>
                                    </Section_Stylesheet>
                                    <Section_Routing
                                            jcr:primaryType="nt:unstructured"
                                            jcr:title="Page Routing"
                                            sling:resourceType="granite/ui/components/coral/foundation/form/fieldset">
                                        <items jcr:primaryType="nt:unstructured">
                                            <landingpage
                                                    jcr:primaryType="nt:unstructured"
                                                    sling:resourceType="granite/ui/components/coral/foundation/form/pathbrowser"
                                                    fieldLabel="Purchase Path Entry/Landing Page"
                                                    name="./landingpage"/>
                                        </items>
                                    </Section_Routing>
                                    <Section_Clear_Session
                                        jcr:primaryType="nt:unstructured"
                                        jcr:title="Clear Session Storage"
                                        sling:resourceType="granite/ui/components/coral/foundation/form/fieldset">
                                        <items jcr:primaryType="nt:unstructured">  
                                            <featureClearSession
                                                granite:class="cq-dialog-dropdown-showhide"
                                                jcr:primaryType="nt:unstructured"
                                                sling:resourceType="granite/ui/components/coral/foundation/form/select"
                                                fieldLabel="Clear Session Storage"
                                                name="./featureClearSession">
                                                <items jcr:primaryType="nt:unstructured">
                                                    <enableClearSession
                                                        jcr:primaryType="nt:unstructured"
                                                        text="Enabled"
                                                        value="enableClearSession"/>
                                                    <disableClearSession
                                                        jcr:primaryType="nt:unstructured"
                                                        text="Disable"
                                                        value="disableClearSession"/>
                                                </items>
                                                <granite:data
                                                    jcr:primaryType="nt:unstructured"
                                                    cq-dialog-dropdown-showhide-target=".togglefield"/>
                                            </featureClearSession>
                                            <dropdown_container
                                                granite:class="hide togglefield"
                                                jcr:primaryType="nt:unstructured"
                                                sling:resourceType="granite/ui/components/coral/foundation/container">
                                                <granite:data
                                                        jcr:primaryType="nt:unstructured"
                                                        useRedirect="true"
                                                        showhidetargetvalue="enableClearSession"/>
                                                <items jcr:primaryType="nt:unstructured">
                                                    <clearFieldNamesFromSession
                                                            jcr:primaryType="nt:unstructured"
                                                            sling:resourceType="granite/ui/components/coral/foundation/form/pathbrowser"
                                                            fieldLabel="Field Names to Clear"
                                                            name="./clearFieldNamesFromSession"
                                                            rootPath="/content/dam/generic-lists"/>
                                                    <excludeFieldNamesFromClearing
                                                            jcr:primaryType="nt:unstructured"
                                                            sling:resourceType="granite/ui/components/coral/foundation/form/pathbrowser"
                                                            fieldLabel="Field Names to Exclude from Clearing"
                                                            name="./excludeFieldNamesFromClearing"
                                                            rootPath="/content/dam/generic-lists"/>
                                                    <clearTime
                                                            jcr:primaryType="nt:unstructured"
                                                            sling:resourceType="granite/ui/components/coral/foundation/form/textfield"
                                                            fieldDescription="Time in ms"
                                                            fieldLabel="Clear Session After a specific time"
                                                            name="./clearTime"/>
                                                </items>
                                            </dropdown_container>
                                        </items>
                                    </Section_Clear_Session>
                                    <Section_General
                                            jcr:primaryType="nt:unstructured"
                                            jcr:title="General"
                                            sling:resourceType="granite/ui/components/coral/foundation/form/fieldset">
                                        <items jcr:primaryType="nt:unstructured">
                                            <currencySymbol
                                                    jcr:primaryType="nt:unstructured"
                                                    sling:resourceType="granite/ui/components/coral/foundation/form/autocomplete"
                                                    ordered="{Boolean}true"
                                                    emptyOption="{Boolean}true"
                                                    fieldLabel="Currency Symbol"
                                                    name="./currencySymbol">
                                                <datasource
                                                        sling:resourceType="/bin/foundation/generic-list/datasource"
                                                        jcr:primaryType="nt:unstructured"
                                                        path="/content/dam/generic-lists/currency-symbols"/>
                                                <options
                                                        sling:resourceType="granite/ui/components/foundation/form/autocomplete/list"
                                                        jcr:primaryType="nt:unstructured"/>
                                            </currencySymbol>
                                            <isoCurrencyCode
                                                    jcr:primaryType="nt:unstructured"
                                                    sling:resourceType="granite/ui/components/coral/foundation/form/autocomplete"
                                                    ordered="{Boolean}true"
                                                    emptyOption="{Boolean}true"
                                                    fieldLabel="ISO Currency Code"
                                                    name="./isoCurrencyCode">
                                                <datasource
                                                        sling:resourceType="/bin/foundation/generic-list/datasource"
                                                        jcr:primaryType="nt:unstructured"
                                                        path="/content/dam/generic-lists/currencies"/>
                                                <options
                                                        sling:resourceType="granite/ui/components/foundation/form/autocomplete/list"
                                                        jcr:primaryType="nt:unstructured"/>
                                            </isoCurrencyCode>
                                            <country
                                                    jcr:primaryType="nt:unstructured"
                                                    sling:resourceType="granite/ui/components/coral/foundation/form/autocomplete"
                                                    ordered="{Boolean}true"
                                                    emptyOption="{Boolean}true"
                                                    fieldLabel="Country"
                                                    name="./countryCode">
                                                <datasource
                                                        sling:resourceType="/bin/foundation/generic-list/datasource"
                                                        jcr:primaryType="nt:unstructured"
                                                        path="/content/dam/generic-lists/destinations"/>
                                                <options
                                                        sling:resourceType="granite/ui/components/foundation/form/autocomplete/list"
                                                        jcr:primaryType="nt:unstructured"/>
                                            </country>
                                            <dateFormat
                                                    jcr:primaryType="nt:unstructured"
                                                    sling:resourceType="granite/ui/components/coral/foundation/form/select"
                                                    fieldLabel="Date Format"
                                                    name="./dateFormat">
                                                <datasource
                                                        sling:resourceType="/bin/foundation/generic-list/datasource"
                                                        jcr:primaryType="nt:unstructured"
                                                        path="/content/dam/generic-lists/date-formats"/>
                                                <options
                                                        sling:resourceType="granite/ui/components/foundation/form/autocomplete/list"
                                                        jcr:primaryType="nt:unstructured"/>
                                            </dateFormat>
                                        </items>
                                    </Section_General>
                                    <section_Timeout
                                            jcr:primaryType="nt:unstructured"
                                            jcr:title="Timeout Setup"
                                            sling:resourceType="granite/ui/components/coral/foundation/form/fieldset">
                                        <items jcr:primaryType="nt:unstructured">
                                                <selectTimeOut
                                                    granite:class="cq-dialog-dropdown-showhide"
                                                    jcr:primaryType="nt:unstructured"
                                                    sling:resourceType="granite/ui/components/coral/foundation/form/select"
                                                    fieldLabel="Clear Session Storage"
                                                    name="./selectTimeout">
                                                    <items jcr:primaryType="nt:unstructured">
                                                        <enableTimeOut
                                                            jcr:primaryType="nt:unstructured"
                                                            text="Enabled"
                                                            value="enableTimeOut"/>
                                                        <disableTimeOut
                                                            jcr:primaryType="nt:unstructured"
                                                            text="Disable"
                                                            value="disableTimeOut"/>
                                                    </items>
                                                <granite:data
                                                    jcr:primaryType="nt:unstructured"
                                                    cq-dialog-dropdown-showhide-target=".timeOutfields"/>
                                            </selectTimeOut>
                                            <dropdown_container
                                                granite:class="hide timeOutfields"
                                                jcr:primaryType="nt:unstructured"
                                                sling:resourceType="granite/ui/components/coral/foundation/container">
                                                <granite:data
                                                        jcr:primaryType="nt:unstructured"
                                                        useRedirect="true"
                                                        showhidetargetvalue="enableTimeOut"/>
                                                <items jcr:primaryType="nt:unstructured">
                                                    <modalId
                                                            jcr:primaryType="nt:unstructured"
                                                            sling:resourceType="granite/ui/components/coral/foundation/form/textfield"
                                                            fieldLabel="Warning Modal Id"
                                                            fieldDescription="The Id of the warning modal on the page to show"
                                                            name="./modalId"/>
                                                    <timeoutModal
                                                            jcr:primaryType="nt:unstructured"
                                                            sling:resourceType="granite/ui/components/coral/foundation/form/textfield"
                                                            fieldLabel="Timeout Modal Id"
                                                            fieldDescription="The Id of the timeout modal on the page to show"
                                                            name="./timeoutModal"/>
                                                    <modalTime
                                                            jcr:primaryType="nt:unstructured"
                                                            sling:resourceType="granite/ui/components/coral/foundation/form/textfield"
                                                            name="./modalTime"
                                                            fieldDescription="Enter the Amount of time of when to show the modal"
                                                            fieldLabel="Modal popup Time (in seconds)"/>
                                                    <sessionTimeout
                                                            jcr:primaryType="nt:unstructured"
                                                            sling:resourceType="granite/ui/components/coral/foundation/form/textfield"
                                                            name="./sessionTimeout"
                                                            fieldDescription="Enter the Amount of time before the server session times out"
                                                            fieldLabel="Session Timeout (in seconds)" />
                                                </items>
                                            </dropdown_container>
                                        </items>
                                    </section_Timeout>
                                </items>
                            </container1>
                        </items>
                    </custom>
                </items>
            </tabs>
        </items>
    </content>
</jcr:root>