<?xml version="1.0" encoding="UTF-8"?>
<jcr:root xmlns:jcr="http://www.jcp.org/jcr/1.0" xmlns:nt="http://www.jcp.org/jcr/nt/1.0" xmlns:sling="http://sling.apache.org/jcr/sling/1.0"
    jcr:primaryType="sling:OrderedFolder">
    <jcr:content
        jcr:primaryType="nt:unstructured"
        jcr:title="Style Value"/>
    <content/>
    <isolation/>
    <opacity/>
    <transition-property/>
    <transition-duration/>
    <transition-delay/>
    <transition-timing-function/>
    <border-style/>
    <border-left-style/>
    <border-right-style/>
    <border-top-style/>
    <border-bottom-style/>
    <border-width/>
    <border-left-width/>
    <border-right-width/>
    <border-top-width/>
    <border-bottom-width/>
    <border-color/>
    <border-left-color/>
    <border-right-color/>
    <border-top-color/>
    <border-bottom-color/>
    <border-radius/>
    <border-top-left-radius/>
    <border-top-right-radius/>
    <border-bottom-left-radius/>
    <border-bottom-right-radius/>
    <outline-color/>
    <outline-style/>
    <outline-width/>
    <outline-offset/>
    <text-align/>
    <text-transform/>
    <transform/>
    <justify-content/>
    <justify-items/>
    <justify-self/>
    <align-content/>
    <align-items/>
    <align-self/>
    <background-color/>
    <color/>
    <text-decoration-color/>
    <text-decoration-style/>
    <text-decoration-line/>
    <text-decoration-thickness/>
    <text-justify/>
    <box-sizing/>
    <display/>
    <font-weight/>
    <font-family/>
    <float/>
    <clear/>
    <cursor/>
    <flex-grow/>
    <flex-shrink/>
    <flex-basis/>
    <flex-wrap/>
    <flex-direction/>
    <width/>
    <min-width/>
    <max-width/>
    <height/>
    <min-height/>
    <max-height/>
    <font-size/>
    <letter-spacing/>
    <line-height/>
    <_x002d_-gap-size/>
    <left/>
    <right/>
    <top/>
    <bottom/>
    <position/>
    <padding/>
    <padding-left/>
    <padding-right/>
    <padding-top/>
    <padding-bottom/>
    <margin/>
    <margin-left/>
    <margin-right/>
    <margin-top/>
    <margin-bottom/>
    <overflow/>
    <overflow-x/>
    <overflow-y/>
    <z-index/>
    <box-shadow/>
    <background-position/>
    <background-repeat/>
    <background-size/>
    <column-gap/>
    <row-gap/>
    <gap/>
    <grid-template-columns/>
    <fill/>
    <grid-column/>
    <_x002d_-item-col-count/>
    <_x002d_-container-col-count/>
    <_x002d_-col-size/>
    <filter/>
    <background-image/>
    <order/>
    <object-fit/>
    <object-position/>
    <vertical-align/>
    <white-space/>
</jcr:root>
