<?xml version="1.0" encoding="UTF-8"?>
<jcr:root xmlns:jcr="http://www.jcp.org/jcr/1.0" xmlns:nt="http://www.jcp.org/jcr/nt/1.0" xmlns:granite="http://www.adobe.com/jcr/granite/1.0" xmlns:cq="http://www.day.com/jcr/cq/1.0" xmlns:sling="http://sling.apache.org/jcr/sling/1.0"
    jcr:primaryType="nt:unstructured"
    jcr:title="Container"
    sling:resourceType="cq/gui/components/authoring/dialog"
    extraClientlibs="[core.wcm.components.container.v1.editor]"
    helpPath="https://www.adobe.com/go/aem_cmp_container_v1"
    trackingFeature="core-components:container:v1">
    <content
        granite:class="cmp-container__editor"
        jcr:primaryType="nt:unstructured"
        sling:resourceType="granite/ui/components/coral/foundation/container">
        <items jcr:primaryType="nt:unstructured">
            <tabs
                jcr:primaryType="nt:unstructured"
                sling:resourceType="granite/ui/components/coral/foundation/tabs"
                maximized="{Boolean}true">
                <items jcr:primaryType="nt:unstructured">
                    <handlebar
                            jcr:primaryType="nt:unstructured"
                            jcr:title="Handlebar"
                            sling:resourceType="granite/ui/components/coral/foundation/container"
                            margin="{Boolean}true">
                        <items jcr:primaryType="nt:unstructured">
                            <columns
                                    jcr:primaryType="nt:unstructured"
                                    sling:resourceType="granite/ui/components/coral/foundation/fixedcolumns"
                                    margin="{Boolean}true">
                                <items jcr:primaryType="nt:unstructured">
                                    <column
                                            jcr:primaryType="nt:unstructured"
                                            sling:resourceType="granite/ui/components/coral/foundation/container">
                                        <items jcr:primaryType="nt:unstructured">
                                            <handlebarReplace
                                                    jcr:primaryType="nt:unstructured"
                                                    sling:resourceType="granite/ui/components/coral/foundation/form/checkbox"
                                                    fieldDescription="Used to replace handlebars from session storage"
                                                    fieldLabel="Replace Handlebars"
                                                    name="./replaceHandlebars"
                                                    text="Replace Handlebars"
                                                    value="true"/>
                                            <arrayHandlebar
                                                    jcr:primaryType="nt:unstructured"
                                                    sling:resourceType="granite/ui/components/coral/foundation/form/textfield"
                                                    fieldDescription="Place the name of the variable in the session that should be looked at (variables can be stacked and should be arrays)"
                                                    fieldLabel="Array Handlebar Name"
                                                    name="./arrayHandlebarLoop"/>
                                        </items>
                                    </column>
                                </items>
                            </columns>
                        </items>
                    </handlebar>
                    <show_hide
                            jcr:primaryType="nt:unstructured"
                            jcr:title="Show Hide"
                            sling:resourceType="granite/ui/components/coral/foundation/container"
                            margin="{Boolean}true">
                        <items jcr:primaryType="nt:unstructured">
                            <columns
                                    jcr:primaryType="nt:unstructured"
                                    sling:resourceType="granite/ui/components/coral/foundation/fixedcolumns"
                                    margin="{Boolean}true">
                                <items jcr:primaryType="nt:unstructured">
                                    <column
                                            jcr:primaryType="nt:unstructured"
                                            sling:resourceType="granite/ui/components/coral/foundation/container">
                                        <items jcr:primaryType="nt:unstructured">
                                            <keep_html
                                                    granite:class="open-parenthesis"
                                                    jcr:primaryType="nt:unstructured"
                                                    sling:resourceType="granite/ui/components/coral/foundation/form/checkbox"
                                                    fieldDescription="Keep HTML on the page even when hidden, by default the HTML is removed from the page"
                                                    fieldLabel="Keep HTML"
                                                    name="./keepHtml"
                                                    text="Keep HTML"
                                                    value="true"/>
                                            <conditions
                                                    jcr:primaryType="nt:unstructured"
                                                    sling:resourceType="granite/ui/components/coral/foundation/form/multifield"
                                                    composite="{Boolean}true"
                                                    fieldDescription="Decide what actions by the user can show or hide this component"
                                                    fieldLabel="Show Hide Conditions">
                                                <field
                                                        jcr:primaryType="nt:unstructured"
                                                        sling:resourceType="granite/ui/components/coral/foundation/container"
                                                        name="./showHideItems">
                                                    <layout
                                                            jcr:primaryType="nt:unstructured"
                                                            sling:resourceType="granite/ui/components/foundation/layouts/collapsible "/>
                                                    <items jcr:primaryType="nt:unstructured">
                                                        <open_parenthesis_container
                                                            granite:class="open-parenthesis"
                                                            jcr:primaryType="nt:unstructured"
                                                            sling:resourceType="granite/ui/components/coral/foundation/container">
                                                            <items jcr:primaryType="nt:unstructured">
                                                                <open_parenthesis
                                                                        granite:class="open-parenthesis"
                                                                        jcr:primaryType="nt:unstructured"
                                                                        sling:resourceType="granite/ui/components/coral/foundation/form/checkbox"
                                                                        fieldDescription="Used to open a parenthesis in a more complex operation such as (destination = US and state = arizone) or (destination = canada and province = manitoba)"
                                                                        fieldLabel="Open Parenthesis"
                                                                        name="./openParenthesis"
                                                                        text="Open Parenthesis"
                                                                        value="true"/>
                                                            </items>
                                                        </open_parenthesis_container>
                                                        <selected_source
                                                                granite:class="hide cmp-form-options-source-val"
                                                                jcr:primaryType="nt:unstructured"
                                                                sling:resourceType="granite/ui/components/coral/foundation/form/textfield"
                                                                fieldDescription="data we are comparing"
                                                                name="./selectedSource"/>
                                                        <source
                                                                granite:class="cmp-form-options-source cq-dialog-dropdown-showhide"
                                                                jcr:primaryType="nt:unstructured"
                                                                sling:resourceType="granite/ui/components/coral/foundation/form/select"
                                                                fieldDescription="Item to compare."
                                                                fieldLabel="Source"
                                                                name="./source">
                                                            <granite:data
                                                                    jcr:primaryType="nt:unstructured"
                                                                    cq-dialog-dropdown-showhide-target=".from-session-show-hide"/>
                                                            <items jcr:primaryType="nt:unstructured">
                                                                <client_session
                                                                        jcr:primaryType="nt:unstructured"
                                                                        text="Client Session"
                                                                        value="clientSession"/>
                                                            </items>
                                                        </source>
                                                        <session_name_container
                                                                granite:class="hide from-session-show-hide"
                                                                jcr:primaryType="nt:unstructured"
                                                                sling:resourceType="granite/ui/components/coral/foundation/container">
                                                            <granite:data
                                                                    jcr:primaryType="nt:unstructured"
                                                                    useRedirect="true"
                                                                    showhidetargetvalue="clientSession"/>
                                                            <items jcr:primaryType="nt:unstructured">
                                                                <session_name
                                                                        jcr:primaryType="nt:unstructured"
                                                                        sling:resourceType="granite/ui/components/coral/foundation/form/textfield"
                                                                        fieldDescription="Name of item in Session Storage"
                                                                        fieldLabel="session Name"
                                                                        name="./sessionName" />
                                                            </items>
                                                        </session_name_container>
                                                        <operands
                                                                jcr:primaryType="nt:unstructured"
                                                                sling:resourceType="granite/ui/components/coral/foundation/form/select"
                                                                fieldDescription="Operation to validate."
                                                                fieldLabel="Operands"
                                                                name="./operands">
                                                            <items jcr:primaryType="nt:unstructured">
                                                                <equals
                                                                        jcr:primaryType="nt:unstructured"
                                                                        text="Equals"
                                                                        value="eq"/>
                                                                <notEqual
                                                                        jcr:primaryType="nt:unstructured"
                                                                        text="Not Equal"
                                                                        value="ne"/>
                                                                <lessThan
                                                                        jcr:primaryType="nt:unstructured"
                                                                        text="Less Than"
                                                                        value="lt"/>
                                                                <lessThanEqual
                                                                        jcr:primaryType="nt:unstructured"
                                                                        text="Less Than or Equal"
                                                                        value="lte"/>
                                                                <greaterThan
                                                                        jcr:primaryType="nt:unstructured"
                                                                        text="Greater Than"
                                                                        value="gt"/>
                                                                <greaterThanEqual
                                                                        jcr:primaryType="nt:unstructured"
                                                                        text="Greater Than or Equal"
                                                                        value="gte"/>
                                                                <contains
                                                                        jcr:primaryType="nt:unstructured"
                                                                        text="include"
                                                                        value="in"/>
                                                                <notContains
                                                                        jcr:primaryType="nt:unstructured"
                                                                        text="not include"
                                                                        value="nin"/>
                                                                <exists
                                                                        jcr:primaryType="nt:unstructured"
                                                                        text="exists"
                                                                        value="exists"/>
                                                            </items>
                                                        </operands>
                                                        <data_text_container
                                                            granite:class="page-input-text"
                                                            jcr:primaryType="nt:unstructured"
                                                            sling:resourceType="granite/ui/components/coral/foundation/container">
                                                            <items jcr:primaryType="nt:unstructured">
                                                                <data_text
                                                                        jcr:primaryType="nt:unstructured"
                                                                        sling:resourceType="granite/ui/components/coral/foundation/form/textfield"
                                                                        fieldDescription="data we are comparing"
                                                                        fieldLabel="Data"
                                                                        name="./showHideData"/>
                                                            </items>
                                                        </data_text_container>
                                                        <data_dropdown_value
                                                                granite:class="hide page-input-select-val"
                                                                jcr:primaryType="nt:unstructured"
                                                                sling:resourceType="granite/ui/components/coral/foundation/form/textfield"
                                                                fieldDescription="data we are comparing"
                                                                name="./dataDropdownValue"/>
                                                        <dropdown_container
                                                                granite:class="hide from-session-show-hide page-input-select"
                                                                jcr:primaryType="nt:unstructured"
                                                                sling:resourceType="granite/ui/components/coral/foundation/container">
                                                            <granite:data
                                                                    jcr:primaryType="nt:unstructured"
                                                                    useRedirect="true"
                                                                    showhidetargetvalue="radio"/>
                                                            <items jcr:primaryType="nt:unstructured">
                                                                <data_dropdown
                                                                        jcr:primaryType="nt:unstructured"
                                                                        sling:resourceType="granite/ui/components/coral/foundation/form/select"
                                                                        fieldDescription="Item to compare."
                                                                        fieldLabel="Data"
                                                                        name="./dataDropdown">
                                                                    <items jcr:primaryType="nt:unstructured">
                                                                        <client_session
                                                                                jcr:primaryType="nt:unstructured"
                                                                                text="Client Session"
                                                                                value="clientSession"/>
                                                                    </items>
                                                                </data_dropdown>
                                                            </items>
                                                        </dropdown_container>
                                                        <close_parenthesis_container
                                                            granite:class="close-parenthesis"
                                                            jcr:primaryType="nt:unstructured"
                                                            sling:resourceType="granite/ui/components/coral/foundation/container">
                                                            <items jcr:primaryType="nt:unstructured">
                                                                <close_parenthesis
                                                                        jcr:primaryType="nt:unstructured"
                                                                        sling:resourceType="granite/ui/components/coral/foundation/form/checkbox"
                                                                        fieldDescription="Used to close a parenthesis in a more complex operation such as (destination = US and state = arizone) or (destination = canada and province = manitoba)"
                                                                        fieldLabel="Close Parenthesis"
                                                                        name="./closeParenthesis"
                                                                        text="Close Parenthesis"
                                                                        value="true"/>
                                                            </items>
                                                        </close_parenthesis_container>
                                                        <and_or_container
                                                            granite:class="hide and-or"
                                                            jcr:primaryType="nt:unstructured"
                                                            sling:resourceType="granite/ui/components/coral/foundation/container">
                                                            <items jcr:primaryType="nt:unstructured">
                                                                <and_or
                                                                        jcr:primaryType="nt:unstructured"
                                                                        sling:resourceType="granite/ui/components/coral/foundation/form/select"
                                                                        fieldDescription="Inclusion list"
                                                                        fieldLabel="Conditional"
                                                                        name="./andor">
                                                                    <items jcr:primaryType="nt:unstructured">
                                                                        <and
                                                                                jcr:primaryType="nt:unstructured"
                                                                                text="AND"
                                                                                value="and"/>
                                                                        <or
                                                                                jcr:primaryType="nt:unstructured"
                                                                                text="OR"
                                                                                value="or"/>
                                                                    </items>
                                                                </and_or>
                                                            </items>
                                                        </and_or_container>
                                                    </items>
                                                </field>
                                            </conditions>
                                        </items>
                                    </column>
                                </items>
                            </columns>
                        </items>
                    </show_hide>
                    <repeatable
                            jcr:primaryType="nt:unstructured"
                            jcr:title="Repeatable Config"
                            sling:resourceType="granite/ui/components/coral/foundation/container"
                            margin="{Boolean}true">
                        <items jcr:primaryType="nt:unstructured">
                            <columns
                                    jcr:primaryType="nt:unstructured"
                                    sling:resourceType="granite/ui/components/coral/foundation/fixedcolumns"
                                    margin="{Boolean}true">
                                <items jcr:primaryType="nt:unstructured">
                                    <column
                                            jcr:primaryType="nt:unstructured"
                                            sling:resourceType="granite/ui/components/coral/foundation/container">
                                        <items jcr:primaryType="nt:unstructured">
                                            <repeatableConfig
                                                    granite:class="cmp-form-options-repeatable cq-dialog-dropdown-showhide"
                                                    jcr:primaryType="nt:unstructured"
                                                    sling:resourceType="granite/ui/components/coral/foundation/form/select"
                                                    fieldDescription="Active or Display Repeatable Configuration."
                                                    fieldLabel="Repeatable Type"
                                                    name="./enableRepeatable">
                                                <granite:data
                                                        jcr:primaryType="nt:unstructured"
                                                        cq-dialog-dropdown-showhide-target=".from-repeatable-config"/>
                                                <items jcr:primaryType="nt:unstructured">
                                                    <empty
                                                            jcr:primaryType="nt:unstructured"
                                                            text="Disabled"
                                                            value="disabled"/>
                                                    <active
                                                            jcr:primaryType="nt:unstructured"
                                                            text="Enable Repeatable"
                                                            value="activeRepeatable"/>
                                                </items>
                                            </repeatableConfig>
                                            <active_repeatable
                                                    granite:class="hide from-repeatable-config"
                                                    jcr:primaryType="nt:unstructured"
                                                    sling:resourceType="granite/ui/components/coral/foundation/container">
                                                <granite:data
                                                        jcr:primaryType="nt:unstructured"
                                                        useRedirect="true"
                                                        showhidetargetvalue="activeRepeatable"/>
                                                <items jcr:primaryType="nt:unstructured">
                                                    <numberOfDuplicates
                                                            jcr:primaryType="nt:unstructured"
                                                            sling:resourceType="granite/ui/components/coral/foundation/form/numberfield"
                                                            fieldDescription="Number of Repetitions"
                                                            fieldLabel="Number of Repetitions (1 by default)"
                                                            min="-1"
                                                            name="./numberOfDuplicates"/>
                                                    <startIndex
                                                            jcr:primaryType="nt:unstructured"
                                                            sling:resourceType="granite/ui/components/coral/foundation/form/numberfield"
                                                            fieldDescription="Starting Index determines where the numbering will start, if number of repetitions is set, then it will be ofset by start index amount. E.X. StartIndex = 2, numberOfRepetitions = 3 then numbering will be 2, 3, 4"
                                                            fieldLabel="Starting Index (1 by default)"
                                                            min="1"
                                                            name="./startIndex"/>
                                                    <endIndex
                                                            jcr:primaryType="nt:unstructured"
                                                            sling:resourceType="granite/ui/components/coral/foundation/form/numberfield"
                                                            fieldDescription="Ending Index determines where the numbering will end"
                                                            fieldLabel="Ending Index"
                                                            min="1"
                                                            name="./endIndex"/>
                                                    <startCount
                                                            jcr:primaryType="nt:unstructured"
                                                            sling:resourceType="granite/ui/components/coral/foundation/form/numberfield"
                                                            fieldDescription="Starting number of visible repetitions past 1"
                                                            fieldLabel="Load Count (1 by default)"
                                                            min="1"
                                                            name="./startCount"/>
                                                    <hideFirst
                                                            jcr:primaryType="nt:unstructured"
                                                            sling:resourceType="granite/ui/components/coral/foundation/form/checkbox"
                                                            checked="{Boolean}false"
                                                            fieldDescription="Hide the First Container"
                                                            fieldLabel="Hide the First Container"
                                                            name="./hideFirst"
                                                            text="Hide First Container"
                                                            value="true"/>
                                                    <addButton
                                                            jcr:primaryType="nt:unstructured"
                                                            sling:resourceType="granite/ui/components/coral/foundation/form/textfield"
                                                            fieldDescription="Add Button Name"
                                                            fieldLabel="Add Button Name"
                                                            name="./duplicationAddButtonName"/>
                                                    <hideRemove
                                                            jcr:primaryType="nt:unstructured"
                                                            sling:resourceType="granite/ui/components/coral/foundation/form/checkbox"
                                                            fieldDescription="Hide the Remove Button"
                                                            fieldLabel="Hide the Remove Button"
                                                            name="./hideRemoveButton"
                                                            text="Hide the Remove Button"
                                                            value="true"/>
                                                    <removeButton
                                                            jcr:primaryType="nt:unstructured"
                                                            sling:resourceType="granite/ui/components/coral/foundation/form/textfield"
                                                            fieldDescription="Remove Button Name"
                                                            fieldLabel="Remove Button Name"
                                                            name="./duplicationRemoveButtonName"/>
                                                    <passengerType
                                                            jcr:primaryType="nt:unstructured"
                                                            sling:resourceType="granite/ui/components/coral/foundation/form/textfield"
                                                            fieldDescription="Passenger Type"
                                                            fieldLabel="Passenger Type"
                                                            name="./passengerType"/>
                                                    <indexElements
                                                            jcr:primaryType="nt:unstructured"
                                                            sling:resourceType="granite/ui/components/coral/foundation/form/checkbox"
                                                            checked="{Boolean}false"
                                                            fieldDescription="Give elements an indexed name to allow multiple instances of the same inputs"
                                                            fieldLabel="Index Elements"
                                                            name="./indexElements"
                                                            text="Index Elements"
                                                            value="true"/>
                                                    <indexContainer
                                                            jcr:primaryType="nt:unstructured"
                                                            sling:resourceType="granite/ui/components/coral/foundation/form/checkbox"
                                                            checked="{Boolean}false"
                                                            fieldDescription="Give Loop Containers an indexed name to allow multiple instances of nested loops"
                                                            fieldLabel="Index Container"
                                                            name="./indexContainer"
                                                            text="Index Container"
                                                            value="true"/>
                                                    <hideAdd
                                                            jcr:primaryType="nt:unstructured"
                                                            sling:resourceType="granite/ui/components/coral/foundation/form/checkbox"
                                                            fieldDescription="Hide the Add Button"
                                                            fieldLabel="Hide the Add Button"
                                                            name="./hideAddButton"
                                                            text="Hide the Add Button"
                                                            value="true"/>
                                                    <hideAddText
                                                            jcr:primaryType="nt:unstructured"
                                                            sling:resourceType="granite/ui/components/coral/foundation/form/checkbox"
                                                            fieldDescription="Hide the Add and Remove Button Text"
                                                            fieldLabel="Hide the Add and Remove Button Text"
                                                            name="./hideAddButtonName"
                                                            text="Hide the Add and Remove Button Text"
                                                            value="true"/>
                                                    <buttonsOnSide
                                                            jcr:primaryType="nt:unstructured"
                                                            sling:resourceType="granite/ui/components/coral/foundation/form/checkbox"
                                                            fieldDescription="Buttons on Side of Container"
                                                            fieldLabel="Buttons on Side of Container"
                                                            name="./displayButtonsOnSide"
                                                            text="Buttons on Side of Container"
                                                            value="true"/>
                                                    <ignoreEmpty
                                                            jcr:primaryType="nt:unstructured"
                                                            sling:resourceType="granite/ui/components/coral/foundation/form/textfield"
                                                            fieldDescription="Ignore empty fields and if required then require only one to be successfully submitted. Add field names as a comma separated list"
                                                            fieldLabel="Ignore Empty"
                                                            name="./ignoreEmpty"/>
                                                    <ignoreTravelerLoop
                                                            jcr:primaryType="nt:unstructured"
                                                            sling:resourceType="granite/ui/components/coral/foundation/form/checkbox"
                                                            fieldDescription="Ignore Traveler Loop"
                                                            fieldLabel="Ignore Traveler Loop"
                                                            name="./ignoreTravelerLoop"
                                                            text="Ignore Traveler Loop"
                                                            value="true"/>
                                                </items>
                                            </active_repeatable>
                                        </items>
                                    </column>
                                </items>
                            </columns>
                        </items>
                    </repeatable>
                </items>
            </tabs>
        </items>
    </content>
</jcr:root>
