<?xml version="1.0" encoding="UTF-8"?>
<jcr:root xmlns:sling="http://sling.apache.org/jcr/sling/1.0" xmlns:granite="http://www.adobe.com/jcr/granite/1.0" xmlns:cq="http://www.day.com/jcr/cq/1.0" xmlns:jcr="http://www.jcp.org/jcr/1.0" xmlns:nt="http://www.jcp.org/jcr/nt/1.0"
    jcr:primaryType="nt:unstructured"
    jcr:title="Utility &amp; Primary Navigation"
    sling:resourceType="cq/gui/components/authoring/dialog">
    <content
        jcr:primaryType="nt:unstructured"
        sling:resourceType="granite/ui/components/coral/foundation/container">
        <items jcr:primaryType="nt:unstructured">
            <tabs
                jcr:primaryType="nt:unstructured"
                sling:resourceType="granite/ui/components/coral/foundation/tabs"
                maximized="{Boolean}true">
                <items jcr:primaryType="nt:unstructured">
                    <background
                        jcr:primaryType="nt:unstructured"
                        jcr:title="Background"
                        sling:resourceType="granite/ui/components/coral/foundation/container"
                        margin="{Boolean}true">
                        <items jcr:primaryType="nt:unstructured">
                            <container
                                jcr:primaryType="nt:unstructured"
                                sling:resourceType="granite/ui/components/coral/foundation/container">
                                <items jcr:primaryType="nt:unstructured">
                                    <backgroundImageLabel
                                        granite:class="coral-Form-fieldlabel"
                                        jcr:primaryType="nt:unstructured"
                                        sling:resourceType="granite/ui/components/coral/foundation/text"
                                        text="Background Image"/>
                                    <backgroundImageEnabled
                                        jcr:primaryType="nt:unstructured"
                                        sling:resourceType="granite/ui/components/coral/foundation/form/checkbox"
                                        name="./backgroundImageEnabled"
                                        text="Enable background image"
                                        value="{Boolean}true"/>
                                    <backgroundColorLabel
                                        granite:class="coral-Form-fieldlabel"
                                        jcr:primaryType="nt:unstructured"
                                        sling:resourceType="granite/ui/components/coral/foundation/text"
                                        text="Background Color"/>
                                    <backgroundColorEnabled
                                        jcr:primaryType="nt:unstructured"
                                        sling:resourceType="granite/ui/components/coral/foundation/form/checkbox"
                                        name="./backgroundColorEnabled"
                                        text="Enable background color"
                                        value="{Boolean}true">
                                        <granite:data
                                            jcr:primaryType="nt:unstructured"
                                            cmp-container-v1-dialog-policy-hook="backgroundColorEnabled"/>
                                    </backgroundColorEnabled>
                                    <backgroundColorSwatchesOnly
                                        granite:class="foundation-toggleable"
                                        jcr:primaryType="nt:unstructured"
                                        sling:resourceType="granite/ui/components/coral/foundation/form/checkbox"
                                        name="./backgroundColorSwatchesOnly"
                                        text="Swatches only"
                                        value="{Boolean}true">
                                        <granite:data
                                            jcr:primaryType="nt:unstructured"
                                            cmp-container-v1-dialog-policy-hook="backgroundColorSwatchesOnly"/>
                                    </backgroundColorSwatchesOnly>
                                    <backgroundColorAllowedSwatches
                                        jcr:primaryType="nt:unstructured"
                                        sling:resourceType="granite/ui/components/coral/foundation/form/multifield"
                                        fieldDescription="The background color swatches that can be selected by an author."
                                        fieldLabel="Allowed Swatches"
                                        wrapperClass="foundation-toggleable">
                                        <field
                                            jcr:primaryType="nt:unstructured"
                                            sling:resourceType="granite/ui/components/coral/foundation/form/colorfield"
                                            name="./allowedColorSwatches"
                                            showDefaultColors="{Boolean}false"
                                            showSwatches="{Boolean}false"/>
                                        <granite:data
                                            jcr:primaryType="nt:unstructured"
                                            cmp-container-v1-dialog-policy-hook="backgroundColorAllowedSwatches"/>
                                    </backgroundColorAllowedSwatches>
                                </items>
                            </container>
                        </items>
                    </background>
                    <styletab
                        jcr:primaryType="nt:unstructured"
                        sling:resourceType="granite/ui/components/coral/foundation/include"
                        path="/mnt/overlay/cq/gui/components/authoring/dialog/style/tab_design/styletab"/>
                </items>
            </tabs>
        </items>
    </content>
</jcr:root>
